what,kind,bundleId,bundleVersion,description,time
executed,command,org.eclipse.debug.ui,3.6.0.v20100601-1530,"org.eclipse.debug.ui.commands.StepInto",1293016713885
error,log,,,"Request for monitor: 'RequestMonitor (org.eclipse.cdt.dsf.debug.ui.viewmodel.SteppingController$3@1efcf3): Status ERROR: org.eclipse.cdt.dsf.gdb code=10004 Failed to execute MI command:\n-exec-step 1\nError message from debugger back end:\nNo se pueden encontrar l\\303\\255mites en la funci\\303\\263n actual java.lang.Exception: No se pueden encontrar l\\303\\255mites en la funci\\303\\263n actual' resulted in an error.",1293016713886
executed,command,org.eclipse.debug.ui,3.6.0.v20100601-1530,"org.eclipse.debug.ui.commands.StepOver",1293016713956
executed,command,org.eclipse.debug.ui,3.6.0.v20100601-1530,"org.eclipse.debug.ui.commands.StepInto",1293016714158
error,log,,,"Request for monitor: 'RequestMonitor (org.eclipse.cdt.dsf.debug.ui.viewmodel.SteppingController$3@17126ca): Status ERROR: org.eclipse.cdt.dsf.gdb code=10004 Failed to execute MI command:\n-exec-step 1\nError message from debugger back end:\nNo se pueden encontrar l\\303\\255mites en la funci\\303\\263n actual java.lang.Exception: No se pueden encontrar l\\303\\255mites en la funci\\303\\263n actual' resulted in an error.",1293016714159
executed,command,org.eclipse.debug.ui,3.6.0.v20100601-1530,"org.eclipse.debug.ui.commands.StepOver",1293016714256
executed,command,org.eclipse.debug.ui,3.6.0.v20100601-1530,"org.eclipse.debug.ui.commands.StepInto",1293016714382
error,log,,,"Request for monitor: 'RequestMonitor (org.eclipse.cdt.dsf.debug.ui.viewmodel.SteppingController$3@1f966bc): Status ERROR: org.eclipse.cdt.dsf.gdb code=10004 Failed to execute MI command:\n-exec-step 1\nError message from debugger back end:\nNo se pueden encontrar l\\303\\255mites en la funci\\303\\263n actual java.lang.Exception: No se pueden encontrar l\\303\\255mites en la funci\\303\\263n actual' resulted in an error.",1293016714384
executed,command,org.eclipse.debug.ui,3.6.0.v20100601-1530,"org.eclipse.debug.ui.commands.StepOver",1293016714484
error,log,,,"Request for monitor: 'RequestMonitor (org.eclipse.cdt.dsf.debug.ui.viewmodel.SteppingController$3@eb417c): Status ERROR: org.eclipse.cdt.dsf.gdb code=10004 Failed to execute MI command:\n-exec-next 1\nError message from debugger back end:\nNo se pueden encontrar l\\303\\255mites en la funci\\303\\263n actual java.lang.Exception: No se pueden encontrar l\\303\\255mites en la funci\\303\\263n actual' resulted in an error.",1293016714485
executed,command,org.eclipse.debug.ui,3.6.0.v20100601-1530,"org.eclipse.debug.ui.commands.StepInto",1293016714576
executed,command,org.eclipse.debug.ui,3.6.0.v20100601-1530,"org.eclipse.debug.ui.commands.StepOver",1293016714651
error,log,,,"Request for monitor: 'RequestMonitor (org.eclipse.cdt.dsf.debug.ui.viewmodel.SteppingController$3@d0cd02): Status ERROR: org.eclipse.cdt.dsf.gdb code=10004 Failed to execute MI command:\n-exec-next 1\nError message from debugger back end:\nNo se pueden encontrar l\\303\\255mites en la funci\\303\\263n actual java.lang.Exception: No se pueden encontrar l\\303\\255mites en la funci\\303\\263n actual' resulted in an error.",1293016714652
executed,command,org.eclipse.debug.ui,3.6.0.v20100601-1530,"org.eclipse.debug.ui.commands.StepInto",1293016714760
error,log,,,"Request for monitor: 'RequestMonitor (org.eclipse.cdt.dsf.debug.ui.viewmodel.SteppingController$3@14ae84f): Status ERROR: org.eclipse.cdt.dsf.gdb code=10004 Failed to execute MI command:\n-exec-step 1\nError message from debugger back end:\nNo se pueden encontrar l\\303\\255mites en la funci\\303\\263n actual java.lang.Exception: No se pueden encontrar l\\303\\255mites en la funci\\303\\263n actual' resulted in an error.",1293016714761
executed,command,org.eclipse.debug.ui,3.6.0.v20100601-1530,"org.eclipse.debug.ui.commands.StepOver",1293016714873
error,log,,,"Request for monitor: 'RequestMonitor (org.eclipse.cdt.dsf.debug.ui.viewmodel.SteppingController$3@1282d6): Status ERROR: org.eclipse.cdt.dsf.gdb code=10004 Failed to execute MI command:\n-exec-next 1\nError message from debugger back end:\nNo se pueden encontrar l\\303\\255mites en la funci\\303\\263n actual java.lang.Exception: No se pueden encontrar l\\303\\255mites en la funci\\303\\263n actual' resulted in an error.",1293016714874
executed,command,org.eclipse.debug.ui,3.6.0.v20100601-1530,"org.eclipse.debug.ui.commands.StepInto",1293016714993
error,log,,,"Request for monitor: 'RequestMonitor (org.eclipse.cdt.dsf.debug.ui.viewmodel.SteppingController$3@3ba5ee): Status ERROR: org.eclipse.cdt.dsf.gdb code=10004 Failed to execute MI command:\n-exec-step 1\nError message from debugger back end:\nNo se pueden encontrar l\\303\\255mites en la funci\\303\\263n actual java.lang.Exception: No se pueden encontrar l\\303\\255mites en la funci\\303\\263n actual' resulted in an error.",1293016714994
executed,command,org.eclipse.debug.ui,3.6.0.v20100601-1530,"org.eclipse.debug.ui.commands.StepOver",1293016715063
executed,command,org.eclipse.debug.ui,3.6.0.v20100601-1530,"org.eclipse.debug.ui.commands.StepOver",1293016715170
error,log,,,"Request for monitor: 'RequestMonitor (org.eclipse.cdt.dsf.debug.ui.viewmodel.SteppingController$3@8e4965): Status ERROR: org.eclipse.cdt.dsf.gdb code=10004 Failed to execute MI command:\n-exec-next 1\nError message from debugger back end:\nNo se pueden encontrar l\\303\\255mites en la funci\\303\\263n actual java.lang.Exception: No se pueden encontrar l\\303\\255mites en la funci\\303\\263n actual' resulted in an error.",1293016715171
activated,view,org.eclipse.ui.console,3.5.0.v20100526,"org.eclipse.ui.console.ConsoleView",1293016716764
activated,view,org.eclipse.debug.ui,3.6.0.v20100601-1530,"org.eclipse.debug.ui.DebugView",1293016727532
executed,command,org.eclipse.debug.ui,3.6.0.v20100601-1530,"org.eclipse.debug.ui.commands.Terminate",1293016727537
activated,editor,org.eclipse.cdt.debug.ui,7.0.0.201006141710,"org.eclipse.cdt.debug.ui.SourceNotFoundEditor",1293016729929
closed,editor,org.eclipse.cdt.debug.ui,7.0.0.201006141710,"org.eclipse.cdt.debug.ui.SourceNotFoundEditor",1293016729931
closed,editor,org.eclipse.cdt.debug.ui,7.0.0.201006141710,"org.eclipse.cdt.debug.ui.SourceNotFoundEditor",1293016730526
activated,editor,org.eclipse.cdt.ui,5.2.0.201006141710,"org.eclipse.cdt.ui.editor.CEditor",1293016731968
closed,editor,org.eclipse.cdt.debug.ui,7.0.0.201006141710,"org.eclipse.cdt.debug.ui.SourceNotFoundEditor",1293016731969
activated,perspective,org.eclipse.cdt.ui,5.2.0.201006141710,"org.eclipse.cdt.ui.CPerspective",1293016735820
deactivated,workbench,org.eclipse.ui.workbench,3.6.0.I20100603-1100,"",1293016737987
activated,workbench,org.eclipse.ui.workbench,3.6.0.I20100603-1100,"",1293016818467
deactivated,workbench,org.eclipse.ui.workbench,3.6.0.I20100603-1100,"",1293016834959
activated,workbench,org.eclipse.ui.workbench,3.6.0.I20100603-1100,"",1293017115771
deactivated,workbench,org.eclipse.ui.workbench,3.6.0.I20100603-1100,"",1293017126446
activated,workbench,org.eclipse.ui.workbench,3.6.0.I20100603-1100,"",1293017352172
executed,command,org.eclipse.ui,3.6.0.I20100603-1100,"org.eclipse.ui.edit.cut",1293017405900
executed,command,org.eclipse.ui,3.6.0.I20100603-1100,"org.eclipse.ui.edit.paste",1293017409555
executed,command,org.eclipse.ui,3.6.0.I20100603-1100,"org.eclipse.ui.file.save",1293017410921
executed,command,org.eclipse.ui,3.6.0.I20100603-1100,"org.eclipse.ui.file.save",1293017437494
executed,command,org.eclipse.ui.ide,3.6.0.I20100601-0800,"org.eclipse.ui.project.buildAll",1293017438861
executed,command,org.eclipse.ui,3.6.0.I20100603-1100,"org.eclipse.ui.file.save",1293017497591
executed,command,org.eclipse.ui.ide,3.6.0.I20100601-0800,"org.eclipse.ui.project.buildAll",1293017498613
executed,command,org.eclipse.ui,3.6.0.I20100603-1100,"org.eclipse.ui.edit.delete",1293017518318
executed,command,org.eclipse.ui,3.6.0.I20100603-1100,"org.eclipse.ui.file.save",1293017557210
executed,command,org.eclipse.ui.ide,3.6.0.I20100601-0800,"org.eclipse.ui.project.buildAll",1293017558811
deactivated,workbench,org.eclipse.ui.workbench,3.6.0.I20100603-1100,"",1293017596960
activated,workbench,org.eclipse.ui.workbench,3.6.0.I20100603-1100,"",1293017616788
opened,view,org.eclipse.ui.views,3.5.0.I20100527-0800,"org.eclipse.ui.views.PropertySheet",1293017617479
activated,view,org.eclipse.ui.views,3.5.0.I20100527-0800,"org.eclipse.ui.views.PropertySheet",1293017617500
activated,editor,org.eclipse.cdt.ui,5.2.0.201006141710,"org.eclipse.cdt.ui.editor.CEditor",1293017618281
executed,command,org.eclipse.ui,3.6.0.I20100603-1100,"org.eclipse.ui.edit.text.contentAssist.proposals",1293017622807
executed,command,org.eclipse.ui,3.6.0.I20100603-1100,"org.eclipse.ui.edit.text.contentAssist.proposals",1293017629588
executed,command,org.eclipse.ui,3.6.0.I20100603-1100,"org.eclipse.ui.file.save",1293017641437
executed,command,org.eclipse.ui.ide,3.6.0.I20100601-0800,"org.eclipse.ui.project.buildAll",1293017644288
executed,command,org.eclipse.ui,3.6.0.I20100603-1100,"org.eclipse.ui.file.save",1293017648890
executed,command,org.eclipse.ui.ide,3.6.0.I20100601-0800,"org.eclipse.ui.project.buildAll",1293017657665
deactivated,workbench,org.eclipse.ui.workbench,3.6.0.I20100603-1100,"",1293017658083
activated,workbench,org.eclipse.ui.workbench,3.6.0.I20100603-1100,"",1293017658084
executed,command,org.eclipse.ui.ide,3.6.0.I20100601-0800,"org.eclipse.ui.project.buildAll",1293017660597
executed,command,org.eclipse.ui.ide,3.6.0.I20100601-0800,"org.eclipse.ui.project.buildAll",1293017662491
activated,view,org.eclipse.ui.console,3.5.0.v20100526,"org.eclipse.ui.console.ConsoleView",1293017664676
activated,editor,org.eclipse.cdt.ui,5.2.0.201006141710,"org.eclipse.cdt.ui.editor.CEditor",1293017665184
executed,command,org.eclipse.ui.ide,3.6.0.I20100601-0800,"org.eclipse.ui.project.buildAll",1293017665614
executed,command,org.eclipse.ui,3.6.0.I20100603-1100,"org.eclipse.ui.file.save",1293017670584
executed,command,org.eclipse.ui.ide,3.6.0.I20100601-0800,"org.eclipse.ui.project.buildAll",1293017671102
executed,command,org.eclipse.ui,3.6.0.I20100603-1100,"org.eclipse.ui.file.save",1293017704769
executed,command,org.eclipse.ui.ide,3.6.0.I20100601-0800,"org.eclipse.ui.project.buildAll",1293017706437
executed,command,org.eclipse.ui,3.6.0.I20100603-1100,"org.eclipse.ui.file.save",1293017743734
activated,editor,org.eclipse.cdt.ui,5.2.0.201006141710,"org.eclipse.cdt.ui.editor.CEditor",1293017743770
closed,editor,org.eclipse.cdt.ui,5.2.0.201006141710,"org.eclipse.cdt.ui.editor.CEditor",1293017743771
executed,command,org.eclipse.ui,3.6.0.I20100603-1100,"org.eclipse.ui.file.close",1293017743817
executed,command,org.eclipse.ui,3.6.0.I20100603-1100,"org.eclipse.ui.edit.undo",1293017747054
executed,command,org.eclipse.ui,3.6.0.I20100603-1100,"org.eclipse.ui.edit.text.contentAssist.proposals",1293017752921
executed,command,org.eclipse.ui,3.6.0.I20100603-1100,"org.eclipse.ui.edit.paste",1293017754452
executed,command,org.eclipse.ui,3.6.0.I20100603-1100,"org.eclipse.ui.edit.paste",1293017759159
executed,command,org.eclipse.ui,3.6.0.I20100603-1100,"org.eclipse.ui.file.save",1293017767104
executed,command,org.eclipse.ui.ide,3.6.0.I20100601-0800,"org.eclipse.ui.project.buildAll",1293017767994
activated,view,org.eclipse.ui.navigator.resources,3.4.200.I20100601-0800,"org.eclipse.ui.navigator.ProjectExplorer",1293017771021
started,bundle,org.eclipse.ui.views.properties.tabbed,3.5.100.I20100509-0800,"org.eclipse.ui.views.properties.tabbed",1293017771066
opened,editor,org.eclipse.cdt.ui,5.2.0.201006141710,"org.eclipse.cdt.ui.editor.CEditor",1293017771326
activated,editor,org.eclipse.cdt.ui,5.2.0.201006141710,"org.eclipse.cdt.ui.editor.CEditor",1293017771394
activated,view,org.eclipse.ui.navigator.resources,3.4.200.I20100601-0800,"org.eclipse.ui.navigator.ProjectExplorer",1293017771438
deactivated,workbench,org.eclipse.ui.workbench,3.6.0.I20100603-1100,"",1293017821930
activated,workbench,org.eclipse.ui.workbench,3.6.0.I20100603-1100,"",1293017823361
activated,editor,org.eclipse.cdt.ui,5.2.0.201006141710,"org.eclipse.cdt.ui.editor.CEditor",1293017830019
executed,command,org.eclipse.ui,3.6.0.I20100603-1100,"org.eclipse.ui.edit.text.contentAssist.proposals",1293017837928
executed,command,org.eclipse.ui,3.6.0.I20100603-1100,"org.eclipse.ui.file.save",1293017840804
executed,command,org.eclipse.ui.ide,3.6.0.I20100601-0800,"org.eclipse.ui.project.buildAll",1293017841491
executed,command,org.eclipse.ui,3.6.0.I20100603-1100,"org.eclipse.ui.edit.copy",1293018111954
executed,command,org.eclipse.ui,3.6.0.I20100603-1100,"org.eclipse.ui.edit.paste",1293018116431
executed,command,org.eclipse.ui,3.6.0.I20100603-1100,"org.eclipse.ui.file.save",1293018125380
executed,command,org.eclipse.ui.ide,3.6.0.I20100601-0800,"org.eclipse.ui.project.buildAll",1293018125781
executed,command,org.eclipse.ui.ide,3.6.0.I20100601-0800,"org.eclipse.ui.project.buildAll",1293018142281
executed,command,org.eclipse.ui.ide,3.6.0.I20100601-0800,"org.eclipse.ui.project.buildAll",1293018262933
deactivated,workbench,org.eclipse.ui.workbench,3.6.0.I20100603-1100,"",1293018267883
activated,workbench,org.eclipse.ui.workbench,3.6.0.I20100603-1100,"",1293018269165
activated,view,org.eclipse.ui.console,3.5.0.v20100526,"org.eclipse.ui.console.ConsoleView",1293018273621
deactivated,workbench,org.eclipse.ui.workbench,3.6.0.I20100603-1100,"",1293018276778
activated,workbench,org.eclipse.ui.workbench,3.6.0.I20100603-1100,"",1293018278089
activated,editor,org.eclipse.cdt.ui,5.2.0.201006141710,"org.eclipse.cdt.ui.editor.CEditor",1293018279175
deactivated,workbench,org.eclipse.ui.workbench,3.6.0.I20100603-1100,"",1293018281832
activated,perspective,org.eclipse.debug.ui,3.6.0.v20100601-1530,"org.eclipse.debug.ui.DebugPerspective",1293018283557
activated,workbench,org.eclipse.ui.workbench,3.6.0.I20100603-1100,"",1293018283600
executed,command,org.eclipse.debug.ui,3.6.0.v20100601-1530,"org.eclipse.debug.ui.commands.StepOver",1293018286896
executed,command,org.eclipse.debug.ui,3.6.0.v20100601-1530,"org.eclipse.debug.ui.commands.StepOver",1293018287138
executed,command,org.eclipse.debug.ui,3.6.0.v20100601-1530,"org.eclipse.debug.ui.commands.StepOver",1293018287434
executed,command,org.eclipse.debug.ui,3.6.0.v20100601-1530,"org.eclipse.debug.ui.commands.StepOver",1293018287717
executed,command,org.eclipse.debug.ui,3.6.0.v20100601-1530,"org.eclipse.debug.ui.commands.StepOver",1293018288051
executed,command,org.eclipse.debug.ui,3.6.0.v20100601-1530,"org.eclipse.debug.ui.commands.StepOver",1293018288733
executed,command,org.eclipse.debug.ui,3.6.0.v20100601-1530,"org.eclipse.debug.ui.commands.StepInto",1293018289150
executed,command,org.eclipse.debug.ui,3.6.0.v20100601-1530,"org.eclipse.debug.ui.commands.StepInto",1293018292652
executed,command,org.eclipse.debug.ui,3.6.0.v20100601-1530,"org.eclipse.debug.ui.commands.StepInto",1293018292946
opened,editor,org.eclipse.cdt.debug.ui,7.0.0.201006141710,"org.eclipse.cdt.debug.ui.SourceNotFoundEditor",1293018292965
activated,editor,org.eclipse.cdt.debug.ui,7.0.0.201006141710,"org.eclipse.cdt.debug.ui.SourceNotFoundEditor",1293018293000
executed,command,org.eclipse.debug.ui,3.6.0.v20100601-1530,"org.eclipse.debug.ui.commands.StepInto",1293018293504
executed,command,org.eclipse.debug.ui,3.6.0.v20100601-1530,"org.eclipse.debug.ui.commands.StepInto",1293018294993
activated,editor,org.eclipse.cdt.ui,5.2.0.201006141710,"org.eclipse.cdt.ui.editor.CEditor",1293018295257
executed,command,org.eclipse.debug.ui,3.6.0.v20100601-1530,"org.eclipse.debug.ui.commands.StepInto",1293018297207
executed,command,org.eclipse.debug.ui,3.6.0.v20100601-1530,"org.eclipse.debug.ui.commands.StepInto",1293018297622
opened,editor,org.eclipse.cdt.debug.ui,7.0.0.201006141710,"org.eclipse.cdt.debug.ui.SourceNotFoundEditor",1293018297649
activated,editor,org.eclipse.cdt.debug.ui,7.0.0.201006141710,"org.eclipse.cdt.debug.ui.SourceNotFoundEditor",1293018297689
executed,command,org.eclipse.debug.ui,3.6.0.v20100601-1530,"org.eclipse.debug.ui.commands.StepInto",1293018298093
activated,editor,org.eclipse.cdt.ui,5.2.0.201006141710,"org.eclipse.cdt.ui.editor.CEditor",1293018298307
executed,command,org.eclipse.debug.ui,3.6.0.v20100601-1530,"org.eclipse.debug.ui.commands.StepInto",1293018299383
executed,command,org.eclipse.debug.ui,3.6.0.v20100601-1530,"org.eclipse.debug.ui.commands.StepInto",1293018299958
opened,editor,org.eclipse.cdt.debug.ui,7.0.0.201006141710,"org.eclipse.cdt.debug.ui.SourceNotFoundEditor",1293018299985
activated,editor,org.eclipse.cdt.debug.ui,7.0.0.201006141710,"org.eclipse.cdt.debug.ui.SourceNotFoundEditor",1293018300023
executed,command,org.eclipse.debug.ui,3.6.0.v20100601-1530,"org.eclipse.debug.ui.commands.StepInto",1293018300531
activated,editor,org.eclipse.cdt.ui,5.2.0.201006141710,"org.eclipse.cdt.ui.editor.CEditor",1293018300798
executed,command,org.eclipse.debug.ui,3.6.0.v20100601-1530,"org.eclipse.debug.ui.commands.StepInto",1293018301513
executed,command,org.eclipse.debug.ui,3.6.0.v20100601-1530,"org.eclipse.debug.ui.commands.StepInto",1293018302116
activated,editor,org.eclipse.cdt.debug.ui,7.0.0.201006141710,"org.eclipse.cdt.debug.ui.SourceNotFoundEditor",1293018302160
executed,command,org.eclipse.debug.ui,3.6.0.v20100601-1530,"org.eclipse.debug.ui.commands.StepInto",1293018302679
executed,command,org.eclipse.debug.ui,3.6.0.v20100601-1530,"org.eclipse.debug.ui.commands.StepInto",1293018306168
activated,editor,org.eclipse.cdt.ui,5.2.0.201006141710,"org.eclipse.cdt.ui.editor.CEditor",1293018306433
executed,command,org.eclipse.debug.ui,3.6.0.v20100601-1530,"org.eclipse.debug.ui.commands.StepInto",1293018307451
executed,command,org.eclipse.debug.ui,3.6.0.v20100601-1530,"org.eclipse.debug.ui.commands.StepInto",1293018307784
activated,editor,org.eclipse.cdt.debug.ui,7.0.0.201006141710,"org.eclipse.cdt.debug.ui.SourceNotFoundEditor",1293018307836
executed,command,org.eclipse.debug.ui,3.6.0.v20100601-1530,"org.eclipse.debug.ui.commands.StepInto",1293018308383
executed,command,org.eclipse.debug.ui,3.6.0.v20100601-1530,"org.eclipse.debug.ui.commands.StepInto",1293018309608
activated,editor,org.eclipse.cdt.ui,5.2.0.201006141710,"org.eclipse.cdt.ui.editor.CEditor",1293018309782
executed,command,org.eclipse.debug.ui,3.6.0.v20100601-1530,"org.eclipse.debug.ui.commands.StepOver",1293018312331
executed,command,org.eclipse.debug.ui,3.6.0.v20100601-1530,"org.eclipse.debug.ui.commands.StepOver",1293018313858
executed,command,org.eclipse.debug.ui,3.6.0.v20100601-1530,"org.eclipse.debug.ui.commands.StepOver",1293018314190
executed,command,org.eclipse.debug.ui,3.6.0.v20100601-1530,"org.eclipse.debug.ui.commands.StepOver",1293018314936
executed,command,org.eclipse.debug.ui,3.6.0.v20100601-1530,"org.eclipse.debug.ui.commands.StepOver",1293018315908
executed,command,org.eclipse.debug.ui,3.6.0.v20100601-1530,"org.eclipse.debug.ui.commands.StepOver",1293018317658
executed,command,org.eclipse.debug.ui,3.6.0.v20100601-1530,"org.eclipse.debug.ui.commands.StepOver",1293018318341
executed,command,org.eclipse.debug.ui,3.6.0.v20100601-1530,"org.eclipse.debug.ui.commands.StepOver",1293018320608
executed,command,org.eclipse.debug.ui,3.6.0.v20100601-1530,"org.eclipse.debug.ui.commands.StepOver",1293018325392
executed,command,org.eclipse.debug.ui,3.6.0.v20100601-1530,"org.eclipse.debug.ui.commands.StepOver",1293018325760
executed,command,org.eclipse.debug.ui,3.6.0.v20100601-1530,"org.eclipse.debug.ui.commands.StepOver",1293018326250
executed,command,org.eclipse.debug.ui,3.6.0.v20100601-1530,"org.eclipse.debug.ui.commands.StepOver",1293018326635
activated,view,org.eclipse.debug.ui,3.6.0.v20100601-1530,"org.eclipse.debug.ui.DebugView",1293018330048
executed,command,org.eclipse.debug.ui,3.6.0.v20100601-1530,"org.eclipse.debug.ui.commands.Terminate",1293018330051
executed,command,org.eclipse.debug.ui,3.6.0.v20100601-1530,"org.eclipse.debug.ui.commands.Terminate",1293018342317
activated,perspective,org.eclipse.cdt.ui,5.2.0.201006141710,"org.eclipse.cdt.ui.CPerspective",1293018347847
activated,view,org.eclipse.ui.console,3.5.0.v20100526,"org.eclipse.ui.console.ConsoleView",1293018347851
activated,editor,org.eclipse.cdt.ui,5.2.0.201006141710,"org.eclipse.cdt.ui.editor.CEditor",1293018359576
activated,editor,org.eclipse.cdt.ui,5.2.0.201006141710,"org.eclipse.cdt.ui.editor.CEditor",1293018454908
activated,editor,org.eclipse.cdt.ui,5.2.0.201006141710,"org.eclipse.cdt.ui.editor.CEditor",1293018460902
executed,command,org.eclipse.ui.workbench.texteditor,3.6.0.v20100520-0800,"org.eclipse.ui.edit.text.goto.wordNext",1293018474699
executed,command,org.eclipse.ui.workbench.texteditor,3.6.0.v20100520-0800,"org.eclipse.ui.edit.text.goto.wordNext",1293018474906
executed,command,org.eclipse.ui.workbench.texteditor,3.6.0.v20100520-0800,"org.eclipse.ui.edit.text.goto.wordNext",1293018475181
executed,command,org.eclipse.ui.workbench.texteditor,3.6.0.v20100520-0800,"org.eclipse.ui.edit.text.goto.wordPrevious",1293018477535
executed,command,org.eclipse.ui.workbench.texteditor,3.6.0.v20100520-0800,"org.eclipse.ui.edit.text.goto.wordPrevious",1293018477854
executed,command,org.eclipse.ui,3.6.0.I20100603-1100,"org.eclipse.ui.file.save",1293018480660
executed,command,org.eclipse.ui.ide,3.6.0.I20100601-0800,"org.eclipse.ui.project.buildAll",1293018494832
closed,editor,org.eclipse.cdt.debug.ui,7.0.0.201006141710,"org.eclipse.cdt.debug.ui.SourceNotFoundEditor",1293018506052
closed,editor,org.eclipse.cdt.debug.ui,7.0.0.201006141710,"org.eclipse.cdt.debug.ui.SourceNotFoundEditor",1293018506749
closed,editor,org.eclipse.cdt.debug.ui,7.0.0.201006141710,"org.eclipse.cdt.debug.ui.SourceNotFoundEditor",1293018507767
deactivated,workbench,org.eclipse.ui.workbench,3.6.0.I20100603-1100,"",1293018510596
activated,workbench,org.eclipse.ui.workbench,3.6.0.I20100603-1100,"",1293018511477
deactivated,workbench,org.eclipse.ui.workbench,3.6.0.I20100603-1100,"",1293018512101
activated,workbench,org.eclipse.ui.workbench,3.6.0.I20100603-1100,"",1293018515459
deactivated,workbench,org.eclipse.ui.workbench,3.6.0.I20100603-1100,"",1293018518301
activated,perspective,org.eclipse.debug.ui,3.6.0.v20100601-1530,"org.eclipse.debug.ui.DebugPerspective",1293018519726
activated,workbench,org.eclipse.ui.workbench,3.6.0.I20100603-1100,"",1293018519781
executed,command,org.eclipse.debug.ui,3.6.0.v20100601-1530,"org.eclipse.debug.ui.commands.StepOver",1293018522243
executed,command,org.eclipse.debug.ui,3.6.0.v20100601-1530,"org.eclipse.debug.ui.commands.StepOver",1293018522419
executed,command,org.eclipse.debug.ui,3.6.0.v20100601-1530,"org.eclipse.debug.ui.commands.StepOver",1293018522687
executed,command,org.eclipse.debug.ui,3.6.0.v20100601-1530,"org.eclipse.debug.ui.commands.StepOver",1293018522903
executed,command,org.eclipse.debug.ui,3.6.0.v20100601-1530,"org.eclipse.debug.ui.commands.StepOver",1293018523252
executed,command,org.eclipse.debug.ui,3.6.0.v20100601-1530,"org.eclipse.debug.ui.commands.StepOver",1293018523916
executed,command,org.eclipse.debug.ui,3.6.0.v20100601-1530,"org.eclipse.debug.ui.commands.StepInto",1293018524484
executed,command,org.eclipse.debug.ui,3.6.0.v20100601-1530,"org.eclipse.debug.ui.commands.StepInto",1293018526411
executed,command,org.eclipse.debug.ui,3.6.0.v20100601-1530,"org.eclipse.debug.ui.commands.StepInto",1293018526729
opened,editor,org.eclipse.cdt.debug.ui,7.0.0.201006141710,"org.eclipse.cdt.debug.ui.SourceNotFoundEditor",1293018526753
activated,editor,org.eclipse.cdt.debug.ui,7.0.0.201006141710,"org.eclipse.cdt.debug.ui.SourceNotFoundEditor",1293018526789
executed,command,org.eclipse.debug.ui,3.6.0.v20100601-1530,"org.eclipse.debug.ui.commands.StepInto",1293018527355
executed,command,org.eclipse.debug.ui,3.6.0.v20100601-1530,"org.eclipse.debug.ui.commands.StepInto",1293018528258
activated,editor,org.eclipse.cdt.ui,5.2.0.201006141710,"org.eclipse.cdt.ui.editor.CEditor",1293018528411
executed,command,org.eclipse.debug.ui,3.6.0.v20100601-1530,"org.eclipse.debug.ui.commands.StepInto",1293018529508
executed,command,org.eclipse.debug.ui,3.6.0.v20100601-1530,"org.eclipse.debug.ui.commands.StepInto",1293018529911
opened,editor,org.eclipse.cdt.debug.ui,7.0.0.201006141710,"org.eclipse.cdt.debug.ui.SourceNotFoundEditor",1293018529938
activated,editor,org.eclipse.cdt.debug.ui,7.0.0.201006141710,"org.eclipse.cdt.debug.ui.SourceNotFoundEditor",1293018529977
executed,command,org.eclipse.debug.ui,3.6.0.v20100601-1530,"org.eclipse.debug.ui.commands.StepInto",1293018530370
activated,editor,org.eclipse.cdt.ui,5.2.0.201006141710,"org.eclipse.cdt.ui.editor.CEditor",1293018530539
executed,command,org.eclipse.debug.ui,3.6.0.v20100601-1530,"org.eclipse.debug.ui.commands.StepInto",1293018533025
executed,command,org.eclipse.debug.ui,3.6.0.v20100601-1530,"org.eclipse.debug.ui.commands.StepInto",1293018533289
activated,editor,org.eclipse.cdt.debug.ui,7.0.0.201006141710,"org.eclipse.cdt.debug.ui.SourceNotFoundEditor",1293018533345
executed,command,org.eclipse.debug.ui,3.6.0.v20100601-1530,"org.eclipse.debug.ui.commands.StepInto",1293018533734
activated,editor,org.eclipse.cdt.ui,5.2.0.201006141710,"org.eclipse.cdt.ui.editor.CEditor",1293018533916
executed,command,org.eclipse.debug.ui,3.6.0.v20100601-1530,"org.eclipse.debug.ui.commands.StepInto",1293018535586
executed,command,org.eclipse.debug.ui,3.6.0.v20100601-1530,"org.eclipse.debug.ui.commands.StepInto",1293018535909
opened,editor,org.eclipse.cdt.debug.ui,7.0.0.201006141710,"org.eclipse.cdt.debug.ui.SourceNotFoundEditor",1293018535929
activated,editor,org.eclipse.cdt.debug.ui,7.0.0.201006141710,"org.eclipse.cdt.debug.ui.SourceNotFoundEditor",1293018535969
executed,command,org.eclipse.debug.ui,3.6.0.v20100601-1530,"org.eclipse.debug.ui.commands.StepInto",1293018536434
activated,editor,org.eclipse.cdt.ui,5.2.0.201006141710,"org.eclipse.cdt.ui.editor.CEditor",1293018536589
executed,command,org.eclipse.debug.ui,3.6.0.v20100601-1530,"org.eclipse.debug.ui.commands.StepInto",1293018537697
executed,command,org.eclipse.debug.ui,3.6.0.v20100601-1530,"org.eclipse.debug.ui.commands.StepInto",1293018537967
activated,editor,org.eclipse.cdt.debug.ui,7.0.0.201006141710,"org.eclipse.cdt.debug.ui.SourceNotFoundEditor",1293018538036
executed,command,org.eclipse.debug.ui,3.6.0.v20100601-1530,"org.eclipse.debug.ui.commands.StepInto",1293018538429
activated,editor,org.eclipse.cdt.ui,5.2.0.201006141710,"org.eclipse.cdt.ui.editor.CEditor",1293018538599
executed,command,org.eclipse.debug.ui,3.6.0.v20100601-1530,"org.eclipse.debug.ui.commands.StepOver",1293018541299
executed,command,org.eclipse.debug.ui,3.6.0.v20100601-1530,"org.eclipse.debug.ui.commands.StepOver",1293018541594
executed,command,org.eclipse.debug.ui,3.6.0.v20100601-1530,"org.eclipse.debug.ui.commands.StepOver",1293018541954
executed,command,org.eclipse.debug.ui,3.6.0.v20100601-1530,"org.eclipse.debug.ui.commands.StepOver",1293018542607
executed,command,org.eclipse.debug.ui,3.6.0.v20100601-1530,"org.eclipse.debug.ui.commands.StepOver",1293018542967
executed,command,org.eclipse.debug.ui,3.6.0.v20100601-1530,"org.eclipse.debug.ui.commands.StepOver",1293018543579
executed,command,org.eclipse.debug.ui,3.6.0.v20100601-1530,"org.eclipse.debug.ui.commands.StepOver",1293018543950
executed,command,org.eclipse.debug.ui,3.6.0.v20100601-1530,"org.eclipse.debug.ui.commands.StepOver",1293018544667
activated,view,org.eclipse.debug.ui,3.6.0.v20100601-1530,"org.eclipse.debug.ui.ExpressionView",1293018547283
